,s3ic_id,num_dep,region,department,city,name,lat,lon,last_inspection,regime,seveso,family,active,code_postal,code_insee,code_naf
0,0062.07858,55,GRAND EST,MEUSE,DOMREMY LA CANNE,RECYLUX France Baroncourt,49.29806,5.6912,2019-01-09,E,NS,Industries,En fonctionnement,55240,55162,
1,0070.04065,59,HAUTS-DE-FRANCE,NORD,VALENCIENNES,GALLOO FRANCE SA (ex VRT),50.35956,3.51398,2020-01-31,E,NS,Industries,En fonctionnement,59300,59606,
2,0064.12948,13,,,LA MEDE,Geosel Manosque,43.38283,5.14754,2020-05-28,A,SH,Industries,En fonctionnement,13220,13909,
3,0072.01958,17,NOUVELLE-AQUITAINE,CHARENTE-MARITIME,BEURLAY,EUROVIA SA,45.87535,-0.8739,2015-07-22,A,NS,Carrières,En fonctionnement,17250,17045,
4,0072.06437,17,NOUVELLE-AQUITAINE,CHARENTE-MARITIME,MACQUEVILLE,DISTILLERIE BOUCHEREAU SAS,45.80008,-0.20804,2018-10-23,E,NS,Industries,En fonctionnement,17490,17217,11.01Z
5,0544.00974,44,PAYS DE LA LOIRE,LOIRE-ATLANTIQUE,LA MEILLERAYE DE BRETAGNE,EARL LEFEUVRE,47.54486,-1.3711,2013-09-20,E,NS,Porcs,En fonctionnement,44520,44095,
6,0070.02450,59,HAUTS-DE-FRANCE,NORD,SOMAIN,VEOLIA PROPRETE NORD NORMANDIE,50.33931,3.27187,2015-04-23,A,NS,Industries,En fonctionnement,59490,59574,38.11Z
7,0068.08017,81,OCCITANIE,TARN,SALVAGNAC,COMMUNAUTE COM. PAYS SALVAGNACOIS,43.91772,1.67841,,NC,NS,Industries,A l'arrêt,81630,81276,
8,0055.14369,22,BRETAGNE,COTES-D'ARMOR,ST BRIEUC,SAINT BRIEUC Agglo Baie Armor exSMICTOM,48.5116,-2.73132,2020-02-27,A,NS,Industries,En fonctionnement,22000,22278,
9,0052.09589,40,NOUVELLE-AQUITAINE,LANDES,LIPOSTHEY,BORDELAIS & Fils (GARAGE),44.29981,-0.88835,2018-05-23,E,NS,Industries,En fonctionnement,40410,40156,
10,0066.00520,30,OCCITANIE,GARD,CONNAUX,CARMINATI Frères et Cie,44.08965,4.60572,2017-06-29,A,NS,Carrières,En fonctionnement,30330,30092,42.21Z
11,0100.05654,45,CENTRE-VAL DE LOIRE,LOIRET,ST JEAN DE BRAYE,SOCCOIM (déchetterie),47.91225,1.94376,2020-09-09,E,NS,Industries,En fonctionnement,45800,45284,
12,0054.01057,71,BOURGOGNE-FRANCHE-COMTE,SAONE-ET-LOIRE,CRISSEY,RAFFINERIE DU MIDI,46.80849,4.86242,2012-02-10,NC,NS,Industries,Cessation déclarée,71530,71154,52.10B
13,0551.00182,51,GRAND EST,MARNE,LAVAL SUR TOURBE,EARL DE LA FORGE,49.13652,4.68881,2018-11-29,A,NS,Industries,En fonctionnement,51600,51317,01.11Z
14,0061.05207,01,AUVERGNE-RHONE-ALPES,AIN,MARSONNAS,MOREL GERARD,46.34349,5.03409,,NC,NS,Industries,A l'arrêt,01340,01236,
15,0053.02804,61,NORMANDIE,ORNE,LE MERLERAULT,ANTARGAZ,48.70337,0.28153,2020-10-07,A,SH,Industries,En fonctionnement,61240,61275,46.71Z
16,0061.00918,38,AUVERGNE-RHONE-ALPES,ISERE,CREYS MEPIEU,VICAT SA,45.75224,5.4318,2020-10-15,A,NS,Carrières,En fonctionnement,38510,38139,
17,0068.02630,12,OCCITANIE,AVEYRON,COUPIAC,ACEVIA,43.95139,2.58375,2019-05-10,E,NS,Industries,En fonctionnement,12550,12080,10.13A
18,0107.00271,73,AUVERGNE-RHONE-ALPES,SAVOIE,SERRIERES EN CHAUTAGNE,CIAT,45.90205,5.83662,2016-05-31,NC,NS,Industries,A l'arrêt,73310,73286,28.25Z
19,0065.08139,77,ILE-DE-FRANCE,SEINE-ET-MARNE,ROISSY EN BRIE,ARGAN (ex GEC 4 ( ex. ORI AQUARIUS),48.80245,2.63261,2015-05-20,A,NS,Industries,En fonctionnement,77680,77390,
20,0066.00259,11,OCCITANIE,AUDE,PORT LA NOUVELLE,EPPLN SAS,43.02422,3.05886,2020-08-25,A,SH,Industries,En fonctionnement,11210,11266,52.10B
21,0070.03701,59,HAUTS-DE-FRANCE,NORD,HORDAIN,SARL AMF QUALITE SECURITE E ex SIMASTOCK,50.2591,3.3284,2017-03-23,E,NS,Industries,En fonctionnement,59111,59313,52.10B
22,0068.02471,12,OCCITANIE,AVEYRON,SEVERAC D AVEYRON,SAS ITA MOULDING PROCESS,44.33182,3.06891,2019-11-13,A,SB,Industries,En fonctionnement,12150,12270,
23,0537.01375,37,CENTRE-VAL DE LOIRE,INDRE-ET-LOIRE,AMBILLOU,LOIRET Joseph,47.42925,0.43296,2007-03-26,NC,NS,Industries,A l'arrêt,37340,37002,
24,0064.00450,84,PROVENCE-ALPES-COTE D'AZUR,VAUCLUSE,LE PONTET,CRA LE PONTET,43.95308,4.88277,2018-03-27,NC,NS,Industries,A l'arrêt,84130,84092,
25,0547.00952,47,NOUVELLE-AQUITAINE,LOT-ET-GARONNE,ST ETIENNE DE FOUGERES,LESTRADE HUBERT (PRU),44.41486,0.56788,,NC,NS,Industries,A l'arrêt,47380,47239,01.50Z
26,0535.03038,35,BRETAGNE,ILLE-ET-VILAINE,LE THEIL DE BRETAGNE,AUBIN HERVE,47.91581,-1.42704,2015-03-26,E,NS,Porcs,En fonctionnement,35240,35333,
27,0052.01276,33,NOUVELLE-AQUITAINE,GIRONDE,ST SEURIN SUR L ISLE,SMURFIT KAPPA SAS,45.01487,-0.02357,2019-09-24,A,NS,Industries,En fonctionnement,33660,33478,17.21A
28,0055.04030,56,BRETAGNE,MORBIHAN,PLUMELIN,HELARY (CENTRALE A PLUMELIN),47.89997,-2.8661,,NC,NS,Industries,A l'arrêt,56500,56174,
29,0535.01631,35,BRETAGNE,ILLE-ET-VILAINE,MARCILLE RAOUL,BOBON MICKAEL,48.35905,-1.6239,2017-12-18,E,NS,Porcs,En fonctionnement,35560,35164,
30,0522.03439,22,BRETAGNE,COTES-D'ARMOR,PLENEE JUGON,EARL DU VIVIER,48.42709,-2.64006,2012-10-30,E,NS,Porcs,En fonctionnement,22640,22185,
31,0057.01928,10,GRAND EST,AUBE,BAR SUR AUBE,AUBE BEDDING (ex CAUVAL INDUSTRIES ),48.22719,4.7203,2018-03-15,A,NS,Industries,En fonctionnement,10200,10033,31.03Z
32,0070.02642,59,HAUTS-DE-FRANCE,NORD,LILLE,INGRAM MICRO,50.64186,2.99869,2018-06-11,A,NS,Industries,En fonctionnement,59160,59350,46.51Z
33,0058.00827,27,NORMANDIE,EURE,LE NEUBOURG,TEILLAGE BRILLE LAMERANT,49.13878,0.91493,2015-11-25,A,NS,Industries,En fonctionnement,27110,27428,
34,0052.00391,33,NOUVELLE-AQUITAINE,GIRONDE,BEGLES,PAPETERIES DE BEGLES (SAPB),44.81437,-0.53761,2019-07-26,A,NS,Industries,En fonctionnement,33323,33039,17.12Z
35,0055.19909,29,BRETAGNE,FINISTERE,ST THONAN,CHOPIN Entreprise,48.48106,-4.33638,2015-03-11,E,NS,Industries,En fonctionnement,29800,29268,43.12B
36,0057.01359,52,GRAND EST,HAUTE-MARNE,VILLIERS LE SEC,EMC2 - VILLIERS VILLAGE,48.11201,5.06131,2020-07-20,A,NS,Industries,En fonctionnement,52000,52535,
37,0550.01519,50,NORMANDIE,MANCHE,RAIDS,DU SCY(EARL),49.20827,-1.36148,2016-11-25,A,NS,Industries,En fonctionnement,50500,50422,
38,0100.08290,36,CENTRE-VAL DE LOIRE,INDRE,LE BLANC,GIRAUD,46.6339,1.10394,2016-09-21,NC,NS,Industries,A l'arrêt,36300,36018,38.32Z
39,0553.00747,53,PAYS DE LA LOIRE,MAYENNE,CONGRIER,VERDIER MICHAEL,47.82397,-1.14475,2013-07-18,E,NS,Porcs,En fonctionnement,53800,53073,01.50Z
40,0062.08290,55,GRAND EST,MEUSE,BIENCOURT SUR ORGE,Fromagerie RENARD GILLARD,48.56185,5.34573,2019-12-11,A,NS,Industries,En fonctionnement,55290,55051,
41,0072.04930,86,NOUVELLE-AQUITAINE,VIENNE,POITIERS,DALKIA (ex-ESYS-MONTENAY),46.59313,0.36242,2019-02-19,E,NS,Industries,En fonctionnement,86000,86194,
42,0065.17717,93,ILE-DE-FRANCE,SEINE-SAINT-DENIS,AUBERVILLIERS,DODIN CAMPENON BERNARD,48.90704,2.37774,2020-01-29,E,NS,Industries,Cessation déclarée,93300,93001,
43,0529.00982,29,BRETAGNE,FINISTERE,GUERLESQUIN,SARL DE KERVRUNEC,48.54374,-3.59218,2018-09-12,A,NS,Industries,En fonctionnement,29650,29067,
44,0100.13760,45,CENTRE-VAL DE LOIRE,LOIRET,BOISSEAUX,Boisseaux Logistique 2 SNC (bâtiment P3),48.24903,1.96702,,A,SB,Industries,En construction,45480,45037,
45,0065.08709,95,ILE-DE-FRANCE,VAL-D'OISE,BONNEUIL EN FRANCE,DISCOUNT AUTOMARCHE,48.95992,2.44861,2017-05-24,E,NS,Industries,En fonctionnement,95500,95088,45.11Z
46,0055.02155,22,BRETAGNE,COTES-D'ARMOR,BRUSVILY,BRETAGNE GRANIT (ex.M2G Bretagne),48.39331,-2.14451,2015-03-09,NC,NS,Carrières,A l'arrêt,22100,22021,
47,0051.04351,02,HAUTS-DE-FRANCE,AISNE,BRUYERES SUR FERE,GRUNIAUX,49.18863,3.44809,,NC,NS,Industries,A l'arrêt,02130,02127,
48,0547.00057,47,NOUVELLE-AQUITAINE,LOT-ET-GARONNE,AURADOU,GAEC DU RIVAL (PRU),44.34007,0.8222,,NC,NS,Industries,Cessation déclarée,47140,47017,01.19Z
49,0051.03200,60,HAUTS-DE-FRANCE,OISE,ST CREPIN IBOUVILLERS,Carrières  CHOUVET ,49.24259,2.03499,2017-05-11,A,NS,Carrières,En fonctionnement,60149,60570,08.12Z
50,0030.12753,67,GRAND EST,BAS-RHIN,ROHRWILLER,SPSE,48.76659,7.90691,2020-10-07,A,NS,Industries,En fonctionnement,67410,67407,
51,0503.00052,03,AUVERGNE-RHONE-ALPES,ALLIER,BAGNEUX,GAEC DES PILLAUDINS,46.66549,3.20508,2007-04-24,E,NS,Porcs,En fonctionnement,03460,03015,
52,0536.00008,36,CENTRE-VAL DE LOIRE,INDRE,ARGENTON SUR CREUSE,PATISSERIE MICHEL KREMER (SAS),46.57246,1.51308,2019-06-03,A,NS,Industries,En fonctionnement,36200,36006,
53,0055.03331,22,BRETAGNE,COTES-D'ARMOR,ST AGATHON,SAS FARMOR,48.5541,-3.11118,2017-03-23,A,NS,Industries,En fonctionnement,22200,22272,10.85Z
54,0058.01834,76,NORMANDIE,SEINE-MARITIME,ROUEN,LE FOLL TRAVAUX PUBLICS,49.42843,1.03773,2013-07-08,E,NS,Industries,En fonctionnement,76000,76540,42.11Z
55,0100.12008,18,CENTRE-VAL DE LOIRE,CHER,FUSSY,CTSP CENTRE,47.13095,2.41538,2016-10-14,NC,NS,Industries,Cessation déclarée,18110,18097,
56,0526.00660,26,AUVERGNE-RHONE-ALPES,DROME,SOYANS,EARL DU COL DE LUNEL,44.65329,5.03107,2019-09-19,A,NS,Industries,En fonctionnement,26400,26344,
57,0054.25757,21,BOURGOGNE-FRANCHE-COMTE,COTE-D'OR,IS SUR TILLE,SMOM,47.53175,5.14042,2015-02-03,E,NS,Industries,En fonctionnement,21120,21317,
58,0052.04473,47,NOUVELLE-AQUITAINE,LOT-ET-GARONNE,SAUVETERRE LA LEMANCE,SOCLI S.A.,44.59063,1.00968,2017-03-28,NC,NS,Carrières,A l'arrêt,47500,47292,23.52Z
59,0070.06561,62,HAUTS-DE-FRANCE,PAS-DE-CALAIS,BOULOGNE SUR MER,Eskimo,50.72535,1.59122,2015-03-24,E,NS,Industries,En fonctionnement,62200,62160,
60,0063.01748,72,PAYS DE LA LOIRE,SARTHE,CHANGE,AUTO CASSE 72 SARL,47.97939,0.27169,2017-01-31,NC,NS,Industries,A l'arrêt,72560,72058,
61,0558.00985,58,BOURGOGNE-FRANCHE-COMTE,NIEVRE,ST ELOI,SN NIVERNOY,46.99747,3.19651,2015-10-21,E,NS,Industries,En fonctionnement,58000,58238,
62,0070.02289,59,HAUTS-DE-FRANCE,NORD,PROUVY,SOGESCAUT,50.3147,3.44922,2019-04-23,A,NS,Industries,En fonctionnement,59121,59475,52.10B
63,0032.00205,42,AUVERGNE-RHONE-ALPES,LOIRE,ST ETIENNE,TOTAL MARKETING FRANCE,45.43872,4.37877,,E,NS,Industries,En fonctionnement,42000,42218,
64,0064.13441,05,PROVENCE-ALPES-COTE D'AZUR,HAUTES-ALPES,VILLAR D ARENE,ISDI IRR,45.02393,6.36722,2018-11-12,E,NS,Industries,En fonctionnement,05480,05181,
65,0522.05854,22,BRETAGNE,COTES-D'ARMOR,ST NICOLAS DU PELEM,EARL LOTOUT BERNABE,48.32492,-3.16144,2017-12-08,A,NS,Industries,En fonctionnement,22480,22321,01.47Z
66,0055.16262,29,BRETAGNE,FINISTERE,SCAER,VALCOR-Scaër (Ex SICOM),48.02445,-3.7218,,NC,NS,Industries,Cessation déclarée,29390,29274,
67,0556.03435,56,BRETAGNE,MORBIHAN,SERENT,SCEA BOTVILLE PORC,47.7858,-2.51114,2017-11-30,E,NS,Porcs,En fonctionnement,56460,56244,
68,0559.00752,59,HAUTS-DE-FRANCE,NORD,LA GORGUE,SARL DE LA BASSE RUE,50.61419,2.73766,2015-12-04,A,NS,Industries,En fonctionnement,59253,59268,
69,0066.05459,34,OCCITANIE,HERAULT,CAMBON ET SALVERGUES,SARL CAMBON ENERGIE,43.64486,2.84906,2020-09-29,A,NS,Industries,En fonctionnement,34330,34046,35.11Z
70,0522.04320,22,BRETAGNE,COTES-D'ARMOR,PLOUNEVEZ MOEDEC,SCEA GALL YVES,48.55534,-3.44728,2017-06-27,A,NS,Industries,En fonctionnement,22810,22228,01.47Z
71,0055.03667,22,BRETAGNE,COTES-D'ARMOR,LOUDEAC,Guy DAUPHIN Environnement,48.17826,-2.68483,2018-10-11,NC,NS,Industries,A l'arrêt,22600,22136,38.32Z
72,0032.00573,42,AUVERGNE-RHONE-ALPES,LOIRE,VEAUCHE,URGO ADVANCED TEXTILE,45.56498,4.28388,2019-05-13,A,NS,Industries,En fonctionnement,42340,42323,
73,0100.00844,45,CENTRE-VAL DE LOIRE,LOIRET,VITRY AUX LOGES,BARILLET SF,47.95056,2.24881,2016-01-29,A,NS,Industries,En fonctionnement,45530,45346,02.20Z
74,0535.00065,35,BRETAGNE,ILLE-ET-VILAINE,AVAILLES SUR SEICHE,EARL DE LA ROUGERIE (FADIER AURELIEN),47.9603,-1.16561,2015-08-06,E,NS,Porcs,En fonctionnement,35130,35008,01.46Z
75,0585.02665,85,PAYS DE LA LOIRE,VENDEE,ST ETIENNE DE BRILLOUET,EARL LES PEUPLIERS,46.50493,-1.0377,2017-02-16,A,NS,Industries,En fonctionnement,85210,85209,
76,0067.04117,67,GRAND EST,BAS-RHIN,WIWERSHEIM,COMPTOIR AGRICOLE,48.64172,7.60581,2020-07-02,A,NS,Industries,En fonctionnement,67370,67548,46.21Z
77,0030.14602,54,GRAND EST,MEURTHE-ET-MOSELLE,TOUL,PARFAIT Alain,48.71356,5.88463,0020-09-23,E,SH,Industries,En fonctionnement,54200,54528,
78,0052.08977,47,NOUVELLE-AQUITAINE,LOT-ET-GARONNE,VILLEREAL,CAFMAVI (BIP),44.62626,0.74398,,E,NS,Industries,En fonctionnement,47210,47324,10.39B
79,0031.03463,33,NOUVELLE-AQUITAINE,GIRONDE,SALLEBOEUF,OCCAMAT-DELAIR,44.83815,-0.39293,2018-05-11,NC,NS,Industries,A l'arrêt,33370,33496,
80,0064.13050,83,PROVENCE-ALPES-COTE D'AZUR,VAR,LE THORONET,ISDI de Coudouls,43.45816,6.28825,2019-03-05,E,NS,Industries,En construction,83340,83136,
81,0564.01479,64,NOUVELLE-AQUITAINE,PYRENEES-ATLANTIQUES,ST JEAN LE VIEUX,EARL ETXOINEA,43.1728,-1.2166,2015-12-03,NC,NS,Industries,Cessation déclarée,64220,64484,01.45Z
82,0058.00630,76,NORMANDIE,SEINE-MARITIME,FECAMP,CAUX FILMS,49.74467,0.39502,2018-07-02,E,NS,Industries,En fonctionnement,76400,76259,22.22Z
83,0058.04599,27,NORMANDIE,EURE,CRIQUEBEUF SUR SEINE,BOLLORE LOGISTICS ex SAGA Criquebeuf,49.29188,1.10427,2019-12-18,A,NS,Industries,En fonctionnement,27340,27188,52.29B
84,0065.19487,78,ILE-DE-FRANCE,YVELINES,LES MUREAUX,SIAMHLM,48.99324,1.89165,,NC,NS,Industries,En construction,78130,78440,71.12B
85,0072.10657,79,NOUVELLE-AQUITAINE,DEUX-SEVRES,ASSAIS LES JUMEAUX,EARL JOLIAVI,46.79131,-0.06842,,E,NS,Porcs,En fonctionnement,79600,79016,
86,0572.00475,72,PAYS DE LA LOIRE,SARTHE,CHERRE-AU,SOCOPA VIANDES,48.15112,0.63277,2019-12-03,A,NS,Industries,En fonctionnement,72400,72080,10.11Z
87,0072.05950,79,NOUVELLE-AQUITAINE,DEUX-SEVRES,LEZAY,VPO Environnement,46.2541,-0.00712,2013-03-18,A,NS,Industries,Cessation déclarée,79120,79148,38.32Z
88,0106.00814,69,AUVERGNE-RHONE-ALPES,RHONE,ST PRIEST,SNC DU PARC INDUSTRIEL DE SAINT PRIEST,45.70016,4.99011,2012-12-13,NC,NS,Industries,A l'arrêt,69791,69290,
89,0529.01792,29,BRETAGNE,FINISTERE,MELGVEN,MONSIEUR MATHIEU LE DOEUFF,47.9307,-3.81073,2019-04-25,E,NS,Porcs,En fonctionnement,29140,29146,01.50Z
90,0581.00257,81,OCCITANIE,TARN,MONTIRAT,EARL LAGARRIGUE,44.14555,2.12426,2020-02-26,E,NS,Porcs,En fonctionnement,81190,81180,
91,0529.01620,29,BRETAGNE,FINISTERE,POULLAOUEN,GAEC LE CAM,48.34219,-3.68795,2018-06-14,A,NS,Industries,En fonctionnement,29690,29227,
92,0100.03992,37,CENTRE-VAL DE LOIRE,INDRE-ET-LOIRE,ST BENOIT LA FORET,CLEN,47.232,0.36683,2020-01-15,E,NS,Industries,En fonctionnement,37500,37210,31.01Z
93,0065.11575,95,ILE-DE-FRANCE,VAL-D'OISE,ST OUEN L AUMONE,NEOCHIMIE,49.05216,2.13732,2019-02-27,A,NS,Industries,En fonctionnement,95310,95572,
94,0556.03306,56,BRETAGNE,MORBIHAN,ST BARTHELEMY,SCEA DE KERGOUAVE,47.94005,-3.05678,2013-10-16,E,NS,Porcs,En fonctionnement,56150,56207,
95,0065.10438,91,ILE-DE-FRANCE,ESSONNE,MARCOUSSIS,JOLIBOIS Pierre - SCI du BUJOL,48.63552,2.22504,2014-12-30,E,NS,Industries,En fonctionnement,91460,91363,
96,0066.03879,34,OCCITANIE,HERAULT,ST PONS DE THOMIERES,SAMAC,43.49041,2.7782,2018-10-25,A,NS,Carrières,En fonctionnement,34220,34284,
97,0579.00231,79,NOUVELLE-AQUITAINE,DEUX-SEVRES,PLAINE-ET-VALLEES,EARL BODIN,46.91767,-0.03469,2016-07-12,NC,NS,Industries,A l'arrêt,79100,79196,01.47Z
98,0100.04211,36,CENTRE-VAL DE LOIRE,INDRE,ST GENOU,LIGERIENNE GRANULATS,46.92865,1.36892,2019-03-26,A,NS,Carrières,En fonctionnement,36500,36194,08.12Z
99,0061.08442,26,AUVERGNE-RHONE-ALPES,DROME,ST GERVAIS SUR ROUBION,S.C.A. CAVE DE LA VALDAINE,44.58134,4.8889,2019-07-24,A,NS,Industries,En fonctionnement,26160,26305,
100,0108.00087,74,AUVERGNE-RHONE-ALPES,HAUTE-SAVOIE,ALEX,PORALU BOIS,45.89198,6.24624,2015-01-20,E,NS,Industries,En fonctionnement,74290,74003,16.23Z
101,0068.11537,12,OCCITANIE,AVEYRON,ONET LE CHATEAU,SAS SEVIGNE INDUSTRIES,44.3868,2.60104,2020-09-04,E,NS,Industries,En fonctionnement,12850,12176,43.12B
102,0063.06693,44,PAYS DE LA LOIRE,LOIRE-ATLANTIQUE,GUENROUET,SAS ISAC-WATTS,47.54741,-2.05751,2020-06-26,A,NS,Industries,En fonctionnement,44530,44068,
103,0066.02363,30,OCCITANIE,GARD,VERGEZE,AIR LIQUIDE FRANCE INDUSTRIE,43.72669,4.24987,2019-06-19,A,SB,Industries,En fonctionnement,30310,30344,20.11Z
104,0556.00112,56,BRETAGNE,MORBIHAN,BAUD,LE GAL Davilan,47.88225,-3.03484,2017-06-14,E,NS,Volailles,En fonctionnement,56150,56010,
105,0106.00108,69,AUVERGNE-RHONE-ALPES,RHONE,DRACE,TOTALANCIENNE STATION A6 SARRON DRACE,46.14232,4.76738,,A,NS,Industries,Cessation déclarée,69220,69077,
106,0053.02830,61,NORMANDIE,ORNE,SEES,SOCIETE DES CARRIERES DE VIGNATS,48.57869,0.12485,2018-09-07,A,NS,Carrières,En fonctionnement,61500,61464,08.12Z
107,0061.03207,38,AUVERGNE-RHONE-ALPES,ISERE,TIGNIEU JAMEYZIEU,SOCIETE CHENE DEMOLITION INDUSTRIELLE,45.75185,5.19695,,E,NS,Industries,En fonctionnement,38230,38507,
108,0055.01697,56,BRETAGNE,MORBIHAN,GOURIN,ARDO GOURIN,48.15837,-3.58223,2020-11-05,A,NS,Industries,En fonctionnement,56110,56066,
109,0579.03065,79,NOUVELLE-AQUITAINE,DEUX-SEVRES,ST POMPAIN,EARL LA CROIX DE L'AUTIZE,46.40823,-0.5917,2015-12-07,E,NS,Volailles,En fonctionnement,79160,79290,
110,0065.03240,78,ILE-DE-FRANCE,YVELINES,CONFLANS STE HONORINE,DRAKA COMTEQ,48.99899,2.09879,2007-05-10,NC,NS,Industries,A l'arrêt,78700,78172,
111,0103.00162,26,AUVERGNE-RHONE-ALPES,DROME,REAUVILLE,BOISSIER SA,44.44333,4.84368,2017-09-21,NC,NS,Industries,A l'arrêt,26230,26261,31.01Z
112,0074.04032,75,ILE-DE-FRANCE,PARIS,PARIS 04,BHV -Direction Technique Trav sécurité,48.85395,2.35991,2016-08-10,E,NS,Industries,En fonctionnement,75004,75104,
113,0100.09152,18,CENTRE-VAL DE LOIRE,CHER,BOURGES,GIP BLANCHISSERIE INTER HOSPITALIERE,47.08511,2.44088,2018-03-20,E,NS,Industries,En fonctionnement,18000,18033,96.01A
114,0579.03062,79,NOUVELLE-AQUITAINE,DEUX-SEVRES,ST POMPAIN,EARL LA BASSE COUR,46.41037,-0.59159,2018-09-06,A,NS,Industries,En fonctionnement,79160,79290,01.47Z
115,0064.12288,06,PROVENCE-ALPES-COTE D'AZUR,ALPES-MARITIMES,ST LAURENT DU VAR,SUEZ RV MEDITERRANEE,43.68229,7.18517,2017-12-13,E,NS,Industries,En fonctionnement,06700,06123,
116,0553.02576,53,PAYS DE LA LOIRE,MAYENNE,LA SELLE CRAONNAISE,EARL BOIS GANDON (DU),47.82814,-1.04122,2013-11-19,E,NS,Porcs,En fonctionnement,53800,53258,01.46Z
117,0535.01582,35,BRETAGNE,ILLE-ET-VILAINE,LUITRE-DOMPIERRE,GAEC LA SAUDRAIS,48.3008,-1.18016,2016-11-29,E,NS,Porcs,En fonctionnement,35133,35163,01.41Z
118,0057.03011,10,GRAND EST,AUBE,ST ANDRE LES VERGERS,TCP DEVELOPPEMENT,48.26757,4.04612,2017-07-20,A,NS,Industries,En fonctionnement,10121,10333,
119,0164.00025,03,AUVERGNE-RHONE-ALPES,ALLIER,CUSSET,JEMAS,46.13794,3.45766,,NC,NS,Industries,A l'arrêt,03300,03095,
120,0061.03636,69,AUVERGNE-RHONE-ALPES,RHONE,LIMAS,BAYER SAS,45.9783,4.72277,2020-05-28,A,SH,Industries,En fonctionnement,69400,69115,
121,0070.01916,59,HAUTS-DE-FRANCE,NORD,CAUDRY,LENGLET Caudry,50.11233,3.42773,2015-11-03,A,NS,Industries,En fonctionnement,59540,59139,
122,0577.00143,77,ILE-DE-FRANCE,SEINE-ET-MARNE,MORET-LOING-ET-ORVANNE,ASSOCIATION RALLYE DE FONTAINEBLEAU,48.36357,2.80846,2020-06-15,E,NS,Industries,En fonctionnement,77250,77316,01.49Z
123,0062.01454,57,GRAND EST,MOSELLE,LUTTANGE,MILLET,49.27279,6.29718,,E,NS,Industries,A l'arrêt,57935,57426,
124,0100.03691,45,CENTRE-VAL DE LOIRE,LOIRET,PREFONTAINES,EIFFAGE GENIE CIVIL TERRASSEMENT,48.10913,2.69152,2019-06-20,A,NS,Carrières,En fonctionnement,45490,45255,43.12B
125,0063.10337,44,PAYS DE LA LOIRE,LOIRE-ATLANTIQUE,MACHECOUL ST MEME,DELOUVEE Gilles (VHU illicite),47.00468,-1.76404,2018-06-20,E,NS,Industries,En fonctionnement,44270,44087,
126,0070.00540,59,HAUTS-DE-FRANCE,NORD,STEENVOORDE,BLEDINA,50.81493,2.57569,2020-07-06,A,NS,Industries,En fonctionnement,59114,59580,10.86Z
127,0066.05826,11,OCCITANIE,AUDE,MONTREDON DES CORBIERES,"Cave Coopérative ""La Montredonnaise""",43.1777,2.9236,2020-06-09,A,NS,Industries,En fonctionnement,11100,11255,
128,0070.00921,59,HAUTS-DE-FRANCE,NORD,NEUVILLE EN FERRAIN,TISSAVEL INTERNATIONAL,50.75733,3.16027,2019-03-14,A,NS,Industries,Cessation déclarée,59531,59426,
129,0522.00034,22,BRETAGNE,COTES-D'ARMOR,ALLINEUC,Nom non-publiable,48.30986,-2.90341,2019-10-28,A,NS,Industries,En fonctionnement,22460,22001,
130,0068.05868,31,OCCITANIE,HAUTE-GARONNE,SEYSSES,AMBROMAT SNC ,43.47817,1.30439,2014-12-08,E,NS,Industries,En fonctionnement,31600,31547,38.32Z
131,0062.03590,54,GRAND EST,MEURTHE-ET-MOSELLE,VIGNEULLES,GSM,48.56831,6.3523,2018-12-21,E,NS,Carrières,En fonctionnement,54360,54565,
132,0556.01892,56,BRETAGNE,MORBIHAN,MENEAC,EARL DU CAROUDAIS,48.15088,-2.48487,2012-07-18,E,NS,Porcs,En fonctionnement,56490,56129,
133,0061.14154,69,AUVERGNE-RHONE-ALPES,RHONE,ST PRIEST,LOGAGRO ex AGIDRA,45.68183,4.96714,2019-12-13,E,NS,Industries,En fonctionnement,69800,69290,46.38B
134,0068.03133,31,OCCITANIE,HAUTE-GARONNE,COLOMIERS,AFM RECYCLAGE ,43.59586,1.29903,2017-04-14,A,NS,Industries,En fonctionnement,31770,31149,38.31Z
135,0522.16129,22,BRETAGNE,COTES-D'ARMOR,PLEDRAN,SARL DES MAGNOLIAS ex EARL,48.41632,-2.7735,2013-11-26,E,NS,Porcs,En fonctionnement,22960,22176,
136,0501.00813,01,AUVERGNE-RHONE-ALPES,AIN,ST VULBAS,BOEHRINGER INGELHEIM SANTE ANIMALE,45.86171,5.28688,2019-11-15,A,NS,Bovins,En fonctionnement,01150,01390,
137,0068.06136,82,OCCITANIE,TARN-ET-GARONNE,MONTAUBAN,AUDIS SAS,44.03919,1.38174,2014-01-28,E,NS,Industries,En fonctionnement,82000,82121,
138,0051.06332,80,HAUTS-DE-FRANCE,SOMME,ROYE,COISPLET DEBOFFLE SARL,49.70641,2.76158,2020-02-28,A,NS,Industries,En fonctionnement,80700,80685,
139,0068.02409,31,OCCITANIE,HAUTE-GARONNE,MONTRABE,SYLUMIS SEAE,43.64311,1.54482,2017-05-10,NC,NS,Industries,A l'arrêt,31850,31389,27.40Z
140,0032.01660,42,AUVERGNE-RHONE-ALPES,LOIRE,LURIECQ,SOTHAF Société de Textile du Haut Forez,45.43482,4.06552,2020-07-09,E,NS,Industries,En construction,42380,42126,
141,0063.01153,72,PAYS DE LA LOIRE,SARTHE,SEGRIE,SMIRGEOM,48.20301,0.05144,2012-01-23,A,NS,Industries,En fonctionnement,72170,72332,38.11Z
142,0535.02016,35,BRETAGNE,ILLE-ET-VILAINE,MUEL,EARL GILLET,48.10885,-2.17954,2020-01-30,E,NS,Porcs,En fonctionnement,35290,35201,
143,0585.01780,85,PAYS DE LA LOIRE,VENDEE,LES LUCS SUR BOULOGNE,GAEC LES QUATRES CHENES,46.86062,-1.54376,2019-10-03,E,NS,Porcs,En fonctionnement,85170,85129,
144,0520.00008,2B,CORSE,HAUTE-CORSE,ALERIA,SAUVER D'ABORD,42.08536,9.46525,2014-09-23,E,NS,Industries,En fonctionnement,20270,2B009,
145,0559.02037,59,HAUTS-DE-FRANCE,NORD,DUNKERQUE,MUSEE AQUARIOPHILE,51.04608,2.39063,2010-08-06,NC,NS,Industries,En fonctionnement,59140,59183,
146,0058.00805,27,NORMANDIE,EURE,VAL DE REUIL,PHARMALOG,49.25737,1.18386,2020-10-21,A,NS,Industries,En fonctionnement,27104,27701,52.10B
147,0572.00245,72,PAYS DE LA LOIRE,SARTHE,BONNETABLE,DANISH CROWN DIVISION PORC,48.18032,0.41966,2019-06-11,A,NS,Industries,En fonctionnement,72110,72039,10.11Z
148,0556.00372,56,BRETAGNE,MORBIHAN,CADEN,GAEC ST ARMEL,47.6211,-2.29545,2017-09-14,E,NS,Porcs,En fonctionnement,56220,56028,
149,0052.06029,24,NOUVELLE-AQUITAINE,DORDOGNE,PRIGONRIEUX,GOUBIE Jean-Paul Charpentes Bois SA,44.86534,0.4039,2014-07-24,A,NS,Industries,En fonctionnement,24130,24340,16.23Z
150,0550.00424,50,NORMANDIE,MANCHE,COULOUVRAY BOISBENATRE,BRIEU DE LA TULLIERE (GAEC),48.76415,-1.08385,2012-12-13,E,NS,Porcs,En fonctionnement,50670,50144,
151,0074.07192,92,ILE-DE-FRANCE,HAUTS-DE-SEINE,LEVALLOIS PERRET,TOURS DE LEVALLOIS SAS ,48.90166,2.28607,,NC,NS,Industries,A l'arrêt,92300,92044,
152,0539.00185,39,BOURGOGNE-FRANCHE-COMTE,JURA,ECRILLE,SCEA DES PISCICULTURES PETIT,46.50791,5.62243,2014-10-09,A,NS,Industries,En fonctionnement,39270,39207,
153,0032.01120,42,AUVERGNE-RHONE-ALPES,LOIRE,FEURS,MEILLAND,45.72333,4.22591,2016-12-14,E,NS,Industries,En fonctionnement,42110,42094,
154,0533.19849,33,NOUVELLE-AQUITAINE,GIRONDE,BLANQUEFORT,DARTESS,44.90676,-0.61336,2017-02-08,E,NS,Industries,En fonctionnement,33290,33056,46.34Z
155,0535.00003,35,BRETAGNE,ILLE-ET-VILAINE,ACIGNE,MAIGNAN IRENE,48.12999,-1.48315,2005-03-17,NC,NS,Industries,Cessation déclarée,35690,35001,
156,0064.12313,84,PROVENCE-ALPES-COTE D'AZUR,VAUCLUSE,LE PONTET,SPMR,43.96848,4.8647,2017-04-19,NC,NS,Industries,Cessation déclarée,84130,84092,
157,0065.06932,91,ILE-DE-FRANCE,ESSONNE,VERRIERES LE BUISSON,INNOTHERA INDUSTRIE,48.74936,2.24699,,NC,NS,Industries,A l'arrêt,91370,91645,
158,0529.02497,29,BRETAGNE,FINISTERE,PLOUDIRY,CAROFF Christian,48.4703,-4.14868,2017-12-19,E,NS,Porcs,En fonctionnement,29800,29180,
159,0058.03139,76,NORMANDIE,SEINE-MARITIME,LE HAVRE,SIORAT SAS,49.50042,0.12959,,NC,NS,Industries,Cessation déclarée,76050,76351,42.11Z
160,0067.00044,67,GRAND EST,BAS-RHIN,ESCHAU,BALLASTIERES HELMBACHER SAS ,48.49472,7.73218,2020-06-24,A,NS,Carrières,En fonctionnement,67114,67131,
161,0051.07269,02,HAUTS-DE-FRANCE,AISNE,MONTLOUE,EDP Renewables France,49.67052,4.06625,2020-07-07,A,NS,Industries,En fonctionnement,02340,02519,
162,0061.04980,42,AUVERGNE-RHONE-ALPES,LOIRE,MABLY,BOUYER LEROUX STRUCTURE,46.07298,4.04337,2016-12-01,A,NS,Industries,En fonctionnement,42300,42127,23.32Z
163,0059.06453,39,BOURGOGNE-FRANCHE-COMTE,JURA,FRONTENAY,MAROTTE,46.79373,5.61697,,E,NS,Industries,En fonctionnement,39210,39244,16.29Z
164,0061.01522,73,AUVERGNE-RHONE-ALPES,SAVOIE,LE BOURGET DU LAC,SOCIETE DES CARRIERES DU BOURGET DU LAC,45.6357,5.85599,2019-11-27,A,NS,Carrières,En fonctionnement,73370,73051,08.12Z
165,0070.02413,62,HAUTS-DE-FRANCE,PAS-DE-CALAIS,STE MARIE KERQUE,OPALE ENVIRONNEMENT (CET),50.89581,2.16926,2020-08-04,A,NS,Industries,En fonctionnement,62370,62756,38.21Z
166,0067.02244,68,GRAND EST,HAUT-RHIN,ALTKIRCH,S&L participations,47.62281,7.23175,2008-03-19,NC,NS,Industries,Cessation déclarée,68130,68004,
167,0055.02425,22,BRETAGNE,COTES-D'ARMOR,TREVE,BERTHO (SARL CARRIERES),48.21161,-2.82063,2018-03-13,A,NS,Carrières,A l'arrêt,22600,22376,
168,0052.04891,33,NOUVELLE-AQUITAINE,GIRONDE,ST MICHEL DE RIEUFRET,GSM,44.6488,-0.43322,2019-07-12,A,NS,Carrières,En fonctionnement,33720,33452,08.12Z
169,0522.01734,22,BRETAGNE,COTES-D'ARMOR,LAMBALLE-ARMOR,EARL AUDET,48.45044,-2.51243,2020-02-18,E,NS,Porcs,En fonctionnement,22400,22093,
170,0064.12430,84,PROVENCE-ALPES-COTE D'AZUR,VAUCLUSE,SORGUES,RMB,44.02075,4.88223,2018-06-27,E,NS,Industries,En fonctionnement,84700,84129,
171,0072.02188,79,NOUVELLE-AQUITAINE,DEUX-SEVRES,BRESSUIRE,BRESSUIRE RECUP AUTO,46.82663,-0.42233,2016-05-18,E,NS,Industries,En fonctionnement,79300,79049,45.20A
172,0072.02862,16,NOUVELLE-AQUITAINE,CHARENTE,CHAMPNIERS,LEROY SOMER,45.71533,0.18816,2014-07-01,NC,NS,Industries,A l'arrêt,16430,16078,
173,0064.06629,05,PROVENCE-ALPES-COTE D'AZUR,HAUTES-ALPES,ST BONNET EN CHAMPSAUR,QUAI DE TRANSFERT DU CHAMPSAUR,44.6815,6.10106,2015-11-23,NC,NS,Industries,En fonctionnement,05500,05132,
174,0102.00088,07,AUVERGNE-RHONE-ALPES,ARDECHE,TOURNON SUR RHONE,EARL LOU CAYON,45.03886,4.79912,,E,NS,Porcs,En fonctionnement,07300,07324,01.46Z
175,0065.06536,94,ILE-DE-FRANCE,VAL-DE-MARNE,SANTENY,SOHACO SA,48.71709,2.57178,2018-01-31,A,NS,Industries,En fonctionnement,94440,94070,
176,0063.01182,85,PAYS DE LA LOIRE,VENDEE,FONTENAY LE COMTE,PLYSOROL International SAS,46.45563,-0.78602,2018-01-28,NC,NS,Industries,A l'arrêt,85200,85092,
177,0529.01777,29,BRETAGNE,FINISTERE,CONFORT MEILARS,GAEC LEILDE,48.07555,-4.43562,2019-04-25,E,NS,Porcs,En fonctionnement,29790,29145,
178,0579.02328,79,NOUVELLE-AQUITAINE,DEUX-SEVRES,CELLES-SUR-BELLE,COOPERATIVE DE LAITERIE DE LA SEVRE,46.24016,-0.21936,2018-11-08,A,NS,Industries,En fonctionnement,79370,79061,10.51A
179,0522.02437,22,BRETAGNE,COTES-D'ARMOR,LOUDEAC,EARL LA VILLE HOYEUX,48.14375,-2.75148,2014-12-09,E,NS,Porcs,En fonctionnement,22600,22136,
180,0062.01209,57,GRAND EST,MOSELLE,FLORANGE,SDRA  57 Sarl ,49.32894,6.11902,2020-10-14,E,NS,Industries,En fonctionnement,57190,57221,38.32Z
181,0065.01202,77,ILE-DE-FRANCE,SEINE-ET-MARNE,GRETZ ARMAINVILLIERS,GESTAMP NOURY,48.73002,2.73219,2018-01-11,E,NS,Industries,En fonctionnement,77220,77215,
182,0065.13846,77,ILE-DE-FRANCE,SEINE-ET-MARNE,DAMMARTIN EN GOELE,CIBEX (bâtiment C),49.05116,2.67691,2013-10-18,NC,NS,Industries,A l'arrêt,77230,77153,
183,0556.01832,56,BRETAGNE,MORBIHAN,MAURON,GAEC DU PARCHET,48.1187,-2.30184,2014-04-07,E,NS,Porcs,En fonctionnement,56430,56127,
184,0062.06219,88,GRAND EST,VOSGES,ST AME,AITHEX,48.02044,6.6544,,NC,NS,Industries,A l'arrêt,88120,88409,
185,0100.00515,36,CENTRE-VAL DE LOIRE,INDRE,BUZANCAIS,CHIMICOLOR,46.89356,1.39963,2020-03-10,E,NS,Industries,En fonctionnement,36500,36031,25.61Z
186,0063.01195,44,PAYS DE LA LOIRE,LOIRE-ATLANTIQUE,STE PAZANNE,CARRIERES GSM,47.11724,-1.81783,2019-05-29,A,NS,Carrières,En fonctionnement,44680,44186,
187,0032.02049,26,AUVERGNE-RHONE-ALPES,DROME,MALATAVERNE,MALET,44.45432,4.75306,,E,NS,Industries,En fonctionnement,26780,26169,
188,0070.03016,62,HAUTS-DE-FRANCE,PAS-DE-CALAIS,WANCOURT,ALLOGA FRANCE,50.25991,2.85831,2017-03-24,A,NS,Industries,En fonctionnement,62128,62873,
189,0061.09574,74,AUVERGNE-RHONE-ALPES,HAUTE-SAVOIE,THONON LES BAINS,TIMCO,46.38938,6.50455,2018-10-24,A,NS,Industries,En fonctionnement,74200,74281,24.44Z
190,0062.04703,57,GRAND EST,MOSELLE,FOLSCHVILLER,EUROSTYRENE,49.08404,6.67461,2019-05-07,E,NS,Industries,En fonctionnement,57730,57224,
191,0053.01056,14,NORMANDIE,CALVADOS,ORBEC,ARMURERIE RIFFAUT,49.01609,0.391,2014-11-21,A,NS,Industries,En fonctionnement,14290,14478,
192,0052.01380,33,NOUVELLE-AQUITAINE,GIRONDE,LE VERDON SUR MER,ARMAGNAC Eric,45.52511,-1.10459,2009-05-19,NC,NS,Industries,A l'arrêt,33123,33544,
193,0529.04099,29,BRETAGNE,FINISTERE,SPEZET,PONTHOU YVES,48.15821,-3.68055,2015-01-22,NC,NS,Industries,A l'arrêt,29540,29278,
194,0061.04048,69,AUVERGNE-RHONE-ALPES,RHONE,RILLIEUX LA PAPE,COTELLE SA,45.8201,4.87726,2020-10-29,A,SH,Industries,En fonctionnement,69140,69286,20.13B
195,0054.02430,71,BOURGOGNE-FRANCHE-COMTE,SAONE-ET-LOIRE,SEVREY,SYNDICAT INTERHOSPITALIER DU CHALONNAIS,46.727,4.83261,2016-09-13,E,NS,Industries,En fonctionnement,71100,71520,84.11Z
196,0064.12468,13,PROVENCE-ALPES-COTE D'AZUR,BOUCHES-DU-RHONE,AUBAGNE,AUCHAN FRANCE,43.29444,5.58993,,E,NS,Industries,En fonctionnement,13400,13005,47.11F
197,0249.00033,89,BOURGOGNE-FRANCHE-COMTE,YONNE,ROFFEY,MOUTURAT JAD,47.90222,3.91933,2017-12-19,A,NS,Carrières,En fonctionnement,89700,89323,
198,0068.02324,81,OCCITANIE,TARN,TERSSAC,SOCIETE ETERNIT FRANCE,43.92233,2.07409,2020-07-28,E,NS,Industries,En fonctionnement,81150,81297,
199,0057.01557,51,GRAND EST,MARNE,REIMS,PH-CH,49.21534,4.01376,2014-03-13,E,NS,Industries,En fonctionnement,51050,51454,
